-- MySQL dump 10.13  Distrib 9.3.0, for macos15 (x86_64)
--
-- Host: localhost    Database: koreanbabymeals
-- ------------------------------------------------------
-- Server version	9.3.0

USE letgravi_koreanbabymeals;

/*!40101 SET @OLD_CHARACTER_SET_CLIENT=@@CHARACTER_SET_CLIENT */;
/*!40101 SET @OLD_CHARACTER_SET_RESULTS=@@CHARACTER_SET_RESULTS */;
/*!40101 SET @OLD_COLLATION_CONNECTION=@@COLLATION_CONNECTION */;
/*!50503 SET NAMES utf8mb4 */;
/*!40103 SET @OLD_TIME_ZONE=@@TIME_ZONE */;
/*!40103 SET TIME_ZONE='+00:00' */;
/*!40014 SET @OLD_UNIQUE_CHECKS=@@UNIQUE_CHECKS, UNIQUE_CHECKS=0 */;
/*!40014 SET @OLD_FOREIGN_KEY_CHECKS=@@FOREIGN_KEY_CHECKS, FOREIGN_KEY_CHECKS=0 */;
/*!40101 SET @OLD_SQL_MODE=@@SQL_MODE, SQL_MODE='NO_AUTO_VALUE_ON_ZERO' */;
/*!40111 SET @OLD_SQL_NOTES=@@SQL_NOTES, SQL_NOTES=0 */;

--
-- Dumping data for table `ingredients`
--

LOCK TABLES `ingredients` WRITE;
/*!40000 ALTER TABLE `ingredients` DISABLE KEYS */;
INSERT INTO `ingredients` (`id`, `name`, `aliases`, `created_at`) VALUES (1,'chicken breast','[\"chicken\", \"chicken meat\", \"poultry\"]','2025-06-20 05:04:01'),(2,'ground beef','[\"beef\", \"hamburger meat\", \"minced beef\"]','2025-06-20 05:04:01'),(3,'pork','[\"pork meat\", \"pig meat\"]','2025-06-20 05:04:01'),(4,'rice','[\"white rice\", \"jasmine rice\", \"short grain rice\"]','2025-06-20 05:04:01'),(5,'soy sauce','[\"shoyu\", \"light soy sauce\", \"dark soy sauce\"]','2025-06-20 05:04:01'),(6,'sesame oil','[\"toasted sesame oil\"]','2025-06-20 05:04:01'),(7,'garlic','[\"garlic cloves\", \"minced garlic\"]','2025-06-20 05:04:01'),(8,'ginger','[\"fresh ginger\", \"ginger root\"]','2025-06-20 05:04:01'),(9,'onion','[\"yellow onion\", \"white onion\"]','2025-06-20 05:04:01'),(10,'green onion','[\"scallions\", \"spring onions\"]','2025-06-20 05:04:01'),(11,'carrots','[\"carrot\", \"baby carrots\"]','2025-06-20 05:04:01'),(12,'broccoli','[\"broccoli florets\"]','2025-06-20 05:04:01'),(13,'spinach','[\"baby spinach\", \"fresh spinach\"]','2025-06-20 05:04:01'),(14,'tofu','[\"firm tofu\", \"soft tofu\", \"silken tofu\"]','2025-06-20 05:04:01'),(15,'eggs','[\"egg\", \"chicken eggs\"]','2025-06-20 05:04:01'),(16,'sweet potato','[\"sweet potatoes\", \"yams\"]','2025-06-20 05:04:01'),(17,'potato','[\"potatoes\", \"russet potatoes\"]','2025-06-20 05:04:01'),(18,'kimchi','[\"fermented cabbage\"]','2025-06-20 05:04:01'),(19,'seaweed','[\"nori\", \"kelp\", \"wakame\"]','2025-06-20 05:04:01'),(20,'mushrooms','[\"shiitake mushrooms\", \"button mushrooms\"]','2025-06-20 05:04:01'),(21,'lean ground beef','[\"ground beef\", \"hamburger meat\", \"minced beef\"]','2025-06-21 05:52:47'),(22,'asian pear','[\"pear\", \"korean pear\", \"nashi pear\"]','2025-06-21 05:52:47'),(23,'apple','[\"red apple\", \"green apple\", \"gala apple\"]','2025-06-21 05:52:47'),(24,'yellow onion','[\"onion\", \"white onion\", \"sweet onion\"]','2025-06-21 05:52:47'),(25,'sesame seeds','[\"toasted sesame seeds\", \"white sesame seeds\"]','2025-06-21 05:52:47'),(26,'sweet potato noodles','[\"dangmyeon\", \"korean noodles\", \"glass noodles\"]','2025-06-21 05:52:47'),(27,'carrot','[\"carrots\", \"baby carrots\"]','2025-06-21 05:52:47'),(28,'red bell pepper','[\"bell pepper\", \"red pepper\"]','2025-06-21 05:52:47'),(29,'short grain rice','[\"rice\", \"sushi rice\", \"korean rice\"]','2025-06-21 05:52:47'),(30,'beef broth','[\"low sodium beef broth\", \"bone broth\"]','2025-06-21 05:52:47'),(31,'shiitake mushrooms','[\"mushrooms\", \"dried shiitake\"]','2025-06-21 05:52:47'),(32,'green onions','[\"scallions\", \"spring onions\"]','2025-06-21 05:52:47');
/*!40000 ALTER TABLE `ingredients` ENABLE KEYS */;
UNLOCK TABLES;

--
-- Dumping data for table `recipe_ingredients`
--

LOCK TABLES `recipe_ingredients` WRITE;
/*!40000 ALTER TABLE `recipe_ingredients` DISABLE KEYS */;
INSERT INTO `recipe_ingredients` (`id`, `recipe_id`, `ingredient_id`, `amount`, `unit`, `notes`, `is_optional`) VALUES (1,1,2,'1','lb','lean ground beef',0),(2,1,4,'1','cup','white or brown rice',0),(3,1,11,'2','medium','diced small',0),(4,1,7,'2','cloves','minced',0),(5,1,8,'1','tsp','fresh minced',0),(6,1,6,'1','tsp','for cooking',0),(7,1,5,'1','tsp','use sparingly for toddlers',0),(8,2,16,'2','large','peeled and cubed',0),(9,2,1,'1','medium','boneless, skinless',0),(10,2,6,'1/2','tsp','optional for flavor',0),(11,3,14,'1','block','firm tofu, cubed',0),(12,3,12,'1','cup','cut into small florets',0),(13,3,11,'1','medium','sliced thin',0),(14,3,10,'2','stalks','chopped',0),(15,3,6,'1','tsp','for cooking',0),(16,3,5,'1/2','tsp','use very sparingly',0),(22,7,1,'200','g','boneless, skinless, cut into small pieces',0),(23,7,6,'1','tsp',NULL,0),(24,7,13,'100','g','fresh baby spinach',0),(25,7,4,'1/2','cup','uncooked',0),(26,8,21,'1','pound','Can substitute with ground turkey',0),(27,8,22,'1','medium','Peeled and roughly chopped - pear tenderizes meat',0),(28,8,23,'1/2','medium','Peeled and roughly chopped - adds natural sweetness',0),(29,8,24,'1/2','medium','Roughly chopped',0),(30,8,7,'1','clove','Small clove',0),(31,8,25,'2','teaspoons','Use perilla seeds if sesame allergy',0),(32,8,6,'1','tablespoon','For cooking',0),(33,10,29,'1','cup','Parboiled to reduce arsenic',0),(34,10,21,'8','ounces','Use ground beef for easier eating',0),(35,10,24,'1/2','medium','Will be chopped in food processor',0),(36,10,7,'2','cloves','Will be minced in food processor',0),(37,10,27,'1','medium','Peeled, will be chopped in food processor',0),(38,10,6,'1','tablespoon','For cooking base',0),(39,10,30,'4','cups','Low-sodium preferred, can substitute water',0),(40,11,29,'3','cups','Cooked and cooled',0),(41,11,27,'1','large','Will be diced in food processor',0),(42,11,24,'1/2','medium','Will be diced in food processor',0),(43,11,7,'2','cloves','Minced',0),(44,11,32,'2','stalks','Chopped fine for toddlers',0),(45,11,6,'1','tablespoon','Added at end for flavor',0),(46,12,21,'12','ounces','Ground into small pieces for toddlers',0),(47,12,31,'8','ounces','Fresh, stems removed, will be chopped in food processor',0),(48,12,24,'1/2','medium','Will be chopped in food processor',0),(49,12,7,'2','cloves','Will be minced in food processor',0),(50,12,6,'1','tablespoon','Added at end',0),(51,12,29,'2','cups','Cooked, for serving',0);
/*!40000 ALTER TABLE `recipe_ingredients` ENABLE KEYS */;
UNLOCK TABLES;

--
-- Dumping data for table `recipe_ratings`
--

LOCK TABLES `recipe_ratings` WRITE;
/*!40000 ALTER TABLE `recipe_ratings` DISABLE KEYS */;
/*!40000 ALTER TABLE `recipe_ratings` ENABLE KEYS */;
UNLOCK TABLES;

--
-- Dumping data for table `recipes`
--

LOCK TABLES `recipes` WRITE;
/*!40000 ALTER TABLE `recipes` DISABLE KEYS */;
INSERT INTO `recipes` (`id`, `title`, `slug`, `description`, `instructions`, `prep_time`, `cook_time`, `total_time`, `servings`, `portions_toddler`, `eating_method`, `messiness_level`, `is_freezer_friendly`, `is_food_processor_friendly`, `storage_instructions`, `reheating_instructions`, `image_url`, `created_at`, `updated_at`, `meta_description`) VALUES (1,'Korean Beef Rice Bowl','korean-beef-rice-bowl','Simple and nutritious Korean-inspired beef and rice bowl perfect for toddlers. Mild flavors with tender ground beef and soft vegetables.','1. Cook rice according to package instructions.\n2. Heat sesame oil in a pan over medium heat.\n3. Add ground beef and cook until browned.\n4. Add minced garlic and ginger, cook for 1 minute.\n5. Add carrots and cook until tender.\n6. Season with a small amount of soy sauce.\n7. Serve over rice and let cool before serving to toddler.',15,20,35,4,8,'fork_friendly','moderate',1,1,'Store in refrigerator for up to 3 days. Freeze portions for up to 3 months.','Microwave for 30-60 seconds or reheat in pan with a splash of water.',NULL,'2025-06-20 05:19:56','2025-06-20 05:19:56','Nutritious Korean-inspired beef and rice bowl for toddlers with mild flavors and tender vegetables.'),(2,'Sweet Potato and Chicken Mash','sweet-potato-chicken-mash','Creamy sweet potato mashed with tender chicken pieces. Perfect finger food that melts in baby\'s mouth.','1. Peel and cube sweet potatoes.\n2. Steam sweet potatoes until very tender, about 15 minutes.\n3. Cook chicken breast until fully cooked through.\n4. Shred chicken into small pieces.\n5. Mash sweet potatoes until smooth.\n6. Mix in shredded chicken.\n7. Add a tiny amount of sesame oil for flavor.\n8. Let cool and serve in small portions.',10,25,35,3,6,'finger_foods','clean',1,1,'Refrigerate for up to 4 days. Freeze in ice cube trays for easy portions.','Thaw overnight and microwave for 20-30 seconds.',NULL,'2025-06-20 05:19:56','2025-06-20 05:19:56','Nutritious sweet potato and chicken mash perfect for baby led weaning and toddler meals.'),(3,'Tofu Vegetable Stir-fry','tofu-vegetable-stir-fry','Soft tofu with colorful vegetables in a mild sauce. Great for introducing different textures and Asian flavors.','1. Cut tofu into small cubes.\n2. Steam broccoli and carrots until very tender.\n3. Heat a small amount of sesame oil in pan.\n4. Gently cook tofu until lightly golden.\n5. Add steamed vegetables.\n6. Mix with a tiny amount of soy sauce.\n7. Add green onions at the end.\n8. Serve warm, cut into appropriate sizes for toddler.',10,15,25,3,6,'finger_foods','moderate',1,0,'Best eaten fresh, can be refrigerated for 2 days.','Reheat gently in microwave or steam to warm through.',NULL,'2025-06-20 05:19:56','2025-06-20 05:19:56','Healthy tofu and vegetable stir-fry introducing Asian flavors to toddlers in a mild, toddler-friendly way.'),(7,'Korean Chicken and Spinach Rice Bowl','korean-chicken-spinach-rice-bowl','A nutritious Korean-style rice bowl with tender chicken, sesame-flavored spinach, and baby-friendly seasonings. Perfect for introducing Korean flavors to toddlers.','Season chicken with a pinch of salt and cook in a pan until fully cooked, about 8-10 minutes. Set aside to cool and shred into small pieces.\n\nBlanch spinach in boiling water for 30 seconds, then drain and squeeze out excess water. Chop finely and mix with sesame oil and a tiny pinch of salt.\n\nCook rice according to package directions. Let cool to room temperature.\n\nIn a bowl, combine the cooked rice, shredded chicken, and seasoned spinach. Mix gently.\n\nServe at room temperature or slightly warm. Can be served as finger food or with a spoon.',15,20,35,NULL,3,'finger_foods','clean',1,1,'Store in refrigerator for up to 3 days. Can be frozen for up to 2 months.','Thaw overnight in refrigerator if frozen. Reheat gently in microwave for 30-45 seconds, stirring halfway through.',NULL,'2025-06-20 10:58:58','2025-06-20 10:58:58',NULL),(8,'Baby-Friendly Korean Beef with Sweet Fruit Marinade','baby-friendly-korean-beef-sweet-fruit-marinade','A toddler-safe version of Korean bulgogi with natural fruit sweetness and no added salt. Perfect for babies 12+ months with tender, flavorful ground beef.','FOOD PROCESSOR PREP: Add peeled apple, asian pear, onion, garlic, and sesame seeds to food processor. Pulse until finely chopped and well combined (about 10-15 pulses). This replaces all individual chopping steps and creates a smooth marinade base.\n\nMARINADE: Transfer food processor mixture to blender and blend until completely smooth. Pour over ground beef in a bowl and massage thoroughly. Cover and marinate 30 minutes to 2 hours.\n\nCOOKING: Heat large skillet over medium-high heat. Add marinated beef mixture and cook, breaking apart with spatula, until beef is fully cooked and caramelized (8-10 minutes). \n\nBATCH COOKING TIP: Make double or triple batch - this recipe scales perfectly. Cool completely before storing.\n\nSERVING: Serve over rice, mix into pasta, or offer as finger food pieces. Makes approximately 12 toddler portions.',15,10,25,4,12,'combination','moderate',1,1,'Cool completely and store in airtight containers. Refrigerate up to 3 days or freeze in portion-sized containers (muffin tins work great) for up to 3 months.','Thaw overnight in refrigerator if frozen. Reheat in microwave with splash of water, stirring halfway, or warm in skillet over medium heat until heated through.','/images/recipes/baby-friendly-korean-beef-sweet-fruit-marinade.jpg','2025-06-21 05:52:47','2025-06-21 06:02:53','Toddler-safe Korean beef recipe with natural fruit marinade, no added salt, perfect for batch cooking and freezing. Baby-led weaning friendly.'),(9,'Kid-Friendly Sweet Potato Noodle Stir-Fry','kid-friendly-sweet-potato-noodle-stir-fry','Low-sodium version of Korean japchae with soft vegetables and sweet potato noodles. Naturally gluten-free and perfect for toddlers learning to eat noodles.','FOOD PROCESSOR PREP: Add carrot, red bell pepper, and onion to food processor. Pulse until julienned into thin, uniform strips (about 8-10 pulses). This ensures consistent cooking and appropriate size for toddlers.\n\nNOODLE PREP: Bring large pot of water to boil. Cook sweet potato noodles for 8 minutes (longer than package directions for softer texture suitable for toddlers). Drain, rinse with cold water, and cut into 2-inch pieces with kitchen scissors.\n\nVEGETABLE COOKING: Heat 1 tsp sesame oil in large non-stick pan. Cook each vegetable separately:\n- Onions: 2 minutes until soft\n- Carrots: 3-4 minutes, add splash of water for extra softness  \n- Bell peppers: 3 minutes until tender\nTransfer each to large mixing bowl as done.\n\nASSEMBLY: Add cooked noodles to the same pan with any remaining vegetable juices. Cook 2-3 minutes, stirring gently, until noodles are translucent. Add to mixing bowl with vegetables.\n\nBATCH COOKING: This recipe doubles easily. Mix everything by hand, portion for babies (cut smaller with scissors), then season adult portions separately.\n\nMakes approximately 8-10 toddler portions.',20,15,35,4,10,'fork_friendly','moderate',1,1,'Store in refrigerator up to 3 days. Noodles will firm up when cold - this is normal. Freeze portions in freezer bags for up to 2 months.','Microwave with damp paper towel for 1-2 minutes, stirring halfway. The steam helps soften the noodles back to proper texture.','/images/recipes/kid-friendly-sweet-potato-noodle-stir-fry.jpg','2025-06-21 05:52:48','2025-06-21 06:02:53','Toddler-friendly Korean sweet potato noodle stir-fry (japchae) with soft vegetables, low sodium, and perfect for batch cooking.'),(10,'Creamy Beef and Vegetable Rice Porridge','creamy-beef-vegetable-rice-porridge','Comforting Korean-style rice porridge with tender beef and soft vegetables. Perfect for sick days, teething, or introducing new flavors to toddlers.','RICE PREP: Rinse rice until water runs clear. Parboil rice by boiling in 4 cups water for 5 minutes, then drain (this reduces arsenic content for babies).\n\nFOOD PROCESSOR PREP: Add onion, garlic, carrot, and any other vegetables to food processor. Pulse until finely chopped - this creates uniform pieces that cook evenly and are perfect for young eaters.\n\nCOOKING BASE: Heat sesame oil in large heavy-bottomed pot. Add ground beef and cook 3-4 minutes, breaking into small pieces. Add food processor vegetable mixture and cook 2-3 minutes until fragrant.\n\nPORRIDGE COOKING: Add parboiled rice to pot and stir for 2-3 minutes. Add 4 cups beef broth (or water) and bring to boil. Reduce heat to medium-low and simmer 20-25 minutes, stirring frequently and scraping bottom to prevent sticking.\n\nTEXTURE CHECK: Porridge is done when rice is very soft and creamy. Add more liquid if needed for desired consistency.\n\nBATCH COOKING: This recipe triples easily and freezes beautifully in individual portions. Cool completely before storing.\n\nMakes approximately 10-12 toddler portions.',15,30,45,6,12,'spoon_friendly','moderate',1,1,'Cool completely and store in airtight containers. Refrigerate up to 4 days or freeze in ice cube trays or small containers for up to 3 months.','Add splash of water or broth when reheating. Microwave in 30-second intervals, stirring between, or reheat gently on stovetop over low heat.','/images/recipes/creamy-beef-vegetable-rice-porridge.jpg','2025-06-21 05:52:48','2025-06-21 06:02:53','Korean-style beef and vegetable rice porridge for babies and toddlers. Comforting, nutritious, and perfect for batch cooking.'),(11,'Korean-Style Veggie Fried Rice for Toddlers','korean-style-veggie-fried-rice-toddlers','Colorful vegetable fried rice with mild Korean flavors. Perfect finger food for toddlers and an excellent way to use leftover rice and vegetables.','FOOD PROCESSOR PREP: Add carrot, onion, and any other firm vegetables to food processor. Pulse until finely diced (about 1/4 inch pieces) - perfect size for toddlers to pick up and chew safely.\n\nRICE PREP: Use day-old rice if available, or spread freshly cooked rice on sheet pan to cool for 10 minutes. Break up any clumps.\n\nVEGETABLE COOKING: Heat oil in large non-stick pan or wok over medium-high heat. Add food processor vegetable mixture and cook 3-4 minutes until tender. Push vegetables to one side.\n\nEGG ADDITION: Scramble eggs in empty side of pan, then mix with vegetables.\n\nRICE ADDITION: Add rice to pan and stir-fry 3-4 minutes, breaking up clumps. Add sesame oil and mix well.\n\nBATCH COOKING: This recipe doubles easily. Cool completely and portion into freezer bags or containers. Makes excellent grab-and-go meals.\n\nTODDLER SERVING: Serve at room temperature or slightly warm. Perfect finger food consistency.\n\nMakes approximately 8-10 toddler portions.',10,12,22,4,10,'finger_foods','clean',1,1,'Cool completely before storing. Refrigerate up to 3 days or freeze in portion-sized bags for up to 2 months.','Microwave with damp paper towel for 45-60 seconds, or reheat in pan with splash of oil over medium heat.','/images/recipes/korean-style-veggie-fried-rice-toddlers.jpg','2025-06-21 05:52:48','2025-06-21 06:02:53','Toddler-friendly Korean vegetable fried rice with perfect finger food texture. Great for using leftover rice and batch cooking.'),(12,'Simple Korean Beef and Mushroom Rice Bowl','simple-korean-beef-mushroom-rice-bowl','Mild Korean-inspired beef and mushroom stir-fry served over rice. Tender, flavorful, and perfect for introducing umami flavors to toddlers.','FOOD PROCESSOR PREP: Add mushrooms, onion, and garlic to food processor. Pulse until chopped into small, uniform pieces (6-8 pulses). This ensures even cooking and appropriate texture for toddlers.\n\nBEEF COOKING: Heat oil in large pan over medium-high heat. Add ground beef and cook 4-5 minutes, breaking into small pieces suitable for toddlers.\n\nVEGETABLE ADDITION: Add food processor mushroom mixture to beef. Cook 5-6 minutes until mushrooms release moisture and vegetables are tender.\n\nSEASONING: Add tiny pinch of salt (optional) and sesame oil. Stir well.\n\nSERVING: Serve over warm rice. The natural juices create a light sauce perfect for mixing with rice.\n\nBATCH COOKING: Double recipe for multiple meals. This mixture freezes well and reheats beautifully.\n\nMakes approximately 6-8 toddler portions.',10,12,22,3,8,'combination','clean',1,1,'Cool completely and store in refrigerator up to 3 days or freeze in portions for up to 3 months.','Thaw if frozen, then reheat in microwave with splash of water or in pan over medium heat until warmed through.','/images/recipes/simple-korean-beef-mushroom-rice-bowl.jpg','2025-06-21 05:52:49','2025-06-21 06:02:53','Simple Korean beef and mushroom rice bowl for toddlers with mild flavors and perfect texture for young eaters.');
/*!40000 ALTER TABLE `recipes` ENABLE KEYS */;
UNLOCK TABLES;

--
-- Dumping data for table `search_queries`
--

LOCK TABLES `search_queries` WRITE;
/*!40000 ALTER TABLE `search_queries` DISABLE KEYS */;
/*!40000 ALTER TABLE `search_queries` ENABLE KEYS */;
UNLOCK TABLES;

--
-- Dumping data for table `user_favorites`
--

LOCK TABLES `user_favorites` WRITE;
/*!40000 ALTER TABLE `user_favorites` DISABLE KEYS */;
/*!40000 ALTER TABLE `user_favorites` ENABLE KEYS */;
UNLOCK TABLES;

--
-- Dumping data for table `users`
--

LOCK TABLES `users` WRITE;
/*!40000 ALTER TABLE `users` DISABLE KEYS */;
/*!40000 ALTER TABLE `users` ENABLE KEYS */;
UNLOCK TABLES;
/*!40103 SET TIME_ZONE=@OLD_TIME_ZONE */;

/*!40101 SET SQL_MODE=@OLD_SQL_MODE */;
/*!40014 SET FOREIGN_KEY_CHECKS=@OLD_FOREIGN_KEY_CHECKS */;
/*!40014 SET UNIQUE_CHECKS=@OLD_UNIQUE_CHECKS */;
/*!40101 SET CHARACTER_SET_CLIENT=@OLD_CHARACTER_SET_CLIENT */;
/*!40101 SET CHARACTER_SET_RESULTS=@OLD_CHARACTER_SET_RESULTS */;
/*!40101 SET COLLATION_CONNECTION=@OLD_COLLATION_CONNECTION */;
/*!40111 SET SQL_NOTES=@OLD_SQL_NOTES */;

-- Dump completed on 2025-06-21 22:36:04
